-- MySQL dump 10.11
--
-- Host: localhost    Database: kakikko
-- ------------------------------------------------------
-- Server version	5.0.45-community-nt

/*!40101 SET @OLD_CHARACTER_SET_CLIENT=@@CHARACTER_SET_CLIENT */;
/*!40101 SET @OLD_CHARACTER_SET_RESULTS=@@CHARACTER_SET_RESULTS */;
/*!40101 SET @OLD_COLLATION_CONNECTION=@@COLLATION_CONNECTION */;
/*!40101 SET NAMES gbk */;
/*!40103 SET @OLD_TIME_ZONE=@@TIME_ZONE */;
/*!40103 SET TIME_ZONE='+00:00' */;
/*!40014 SET @OLD_UNIQUE_CHECKS=@@UNIQUE_CHECKS, UNIQUE_CHECKS=0 */;
/*!40014 SET @OLD_FOREIGN_KEY_CHECKS=@@FOREIGN_KEY_CHECKS, FOREIGN_KEY_CHECKS=0 */;
/*!40101 SET @OLD_SQL_MODE=@@SQL_MODE, SQL_MODE='NO_AUTO_VALUE_ON_ZERO' */;
/*!40111 SET @OLD_SQL_NOTES=@@SQL_NOTES, SQL_NOTES=0 */;

--
-- Table structure for table `books`
--

DROP TABLE IF EXISTS `books`;
CREATE TABLE `books` (
  `book_id` int(11) NOT NULL auto_increment,
  `book_title` varchar(255) NOT NULL,
  `book_content` text NOT NULL,
  `book_category` varchar(255) NOT NULL,
  `book_price` decimal(10,0) NOT NULL,
  `book_cover_image` varchar(255) NOT NULL,
  `owner_id` int(11) NOT NULL,
  `created_at` timestamp NOT NULL default CURRENT_TIMESTAMP,
  PRIMARY KEY  (`book_id`),
  KEY `owner_id` (`owner_id`),
  CONSTRAINT `books_ibfk_1` FOREIGN KEY (`owner_id`) REFERENCES `users` (`id`)
) ENGINE=InnoDB AUTO_INCREMENT=2 DEFAULT CHARSET=utf8;

--
-- Dumping data for table `books`
--

LOCK TABLES `books` WRITE;
/*!40000 ALTER TABLE `books` DISABLE KEYS */;
INSERT INTO `books` VALUES (1,'','','','0','',0,'0000-00-00 00:00:00');
/*!40000 ALTER TABLE `books` ENABLE KEYS */;
UNLOCK TABLES;

--
-- Table structure for table `comments`
--

DROP TABLE IF EXISTS `comments`;
CREATE TABLE `comments` (
  `comment_id` int(11) NOT NULL auto_increment,
  `user_id` int(11) NOT NULL,
  `book_id` int(11) NOT NULL,
  `comment` text NOT NULL,
  `timestamp` timestamp NOT NULL default CURRENT_TIMESTAMP,
  PRIMARY KEY  (`comment_id`),
  KEY `user_id` (`user_id`),
  KEY `book_id` (`book_id`),
  CONSTRAINT `comments_ibfk_1` FOREIGN KEY (`user_id`) REFERENCES `users` (`id`),
  CONSTRAINT `comments_ibfk_2` FOREIGN KEY (`book_id`) REFERENCES `books` (`book_id`)
) ENGINE=InnoDB DEFAULT CHARSET=utf8;

--
-- Dumping data for table `comments`
--

LOCK TABLES `comments` WRITE;
/*!40000 ALTER TABLE `comments` DISABLE KEYS */;
/*!40000 ALTER TABLE `comments` ENABLE KEYS */;
UNLOCK TABLES;

--
-- Table structure for table `direct_messages`
--

DROP TABLE IF EXISTS `direct_messages`;
CREATE TABLE `direct_messages` (
  `message_id` int(11) NOT NULL auto_increment,
  `sender_id` int(11) NOT NULL,
  `recipient_id` int(11) NOT NULL,
  `message` text NOT NULL,
  `timestamp` timestamp NOT NULL default CURRENT_TIMESTAMP,
  `read` tinyint(1) default '0',
  PRIMARY KEY  (`message_id`),
  KEY `sender_id` (`sender_id`),
  KEY `recipient_id` (`recipient_id`),
  CONSTRAINT `direct_messages_ibfk_1` FOREIGN KEY (`sender_id`) REFERENCES `users` (`id`),
  CONSTRAINT `direct_messages_ibfk_2` FOREIGN KEY (`recipient_id`) REFERENCES `users` (`id`)
) ENGINE=InnoDB AUTO_INCREMENT=18 DEFAULT CHARSET=utf8;

--
-- Dumping data for table `direct_messages`
--

LOCK TABLES `direct_messages` WRITE;
/*!40000 ALTER TABLE `direct_messages` DISABLE KEYS */;
INSERT INTO `direct_messages` VALUES (1,5,2,'11','2025-01-29 13:58:35',1),(2,5,5,'haha','2025-01-29 14:05:34',0),(3,5,2,'哈哈哈哈哈','2025-01-29 14:05:49',1),(4,5,5,'1','2025-01-29 14:06:40',0),(5,5,2,'1','2025-01-29 14:13:20',1),(6,5,5,'哈哈','2025-01-29 16:28:18',0),(7,2,2,'1','2025-01-29 20:10:04',1),(8,2,2,'12','2025-02-06 02:34:58',1),(9,2,2,'33','2025-02-06 02:41:57',1),(10,2,3,'22','2025-02-06 02:50:50',1),(11,2,3,'22','2025-02-06 02:50:53',1),(12,2,3,'123','2025-02-19 03:36:23',1),(13,3,2,'123','2025-02-19 03:57:54',1),(14,6,2,'haha','2025-02-19 03:59:14',1),(15,2,6,'bububu','2025-02-19 04:37:32',0),(16,2,2,'aaa','2025-02-19 04:38:13',1),(17,2,2,'dada','2025-02-19 07:32:20',1);
/*!40000 ALTER TABLE `direct_messages` ENABLE KEYS */;
UNLOCK TABLES;

--
-- Table structure for table `favorites`
--

DROP TABLE IF EXISTS `favorites`;
CREATE TABLE `favorites` (
  `favorite_id` int(11) NOT NULL auto_increment,
  `user_id` int(11) default NULL,
  `book_id` int(11) default NULL,
  `created_at` timestamp NOT NULL default CURRENT_TIMESTAMP,
  PRIMARY KEY  (`favorite_id`),
  KEY `fk_user` (`user_id`),
  KEY `fk_book` (`book_id`),
  CONSTRAINT `fk_book` FOREIGN KEY (`book_id`) REFERENCES `books` (`book_id`) ON DELETE CASCADE,
  CONSTRAINT `fk_user` FOREIGN KEY (`user_id`) REFERENCES `users` (`id`) ON DELETE CASCADE
) ENGINE=InnoDB DEFAULT CHARSET=utf8;

--
-- Dumping data for table `favorites`
--

LOCK TABLES `favorites` WRITE;
/*!40000 ALTER TABLE `favorites` DISABLE KEYS */;
/*!40000 ALTER TABLE `favorites` ENABLE KEYS */;
UNLOCK TABLES;

--
-- Table structure for table `follows`
--

DROP TABLE IF EXISTS `follows`;
CREATE TABLE `follows` (
  `follower_id` int(11) NOT NULL,
  `followed_id` int(11) NOT NULL,
  `created_at` timestamp NOT NULL default CURRENT_TIMESTAMP,
  PRIMARY KEY  (`follower_id`,`followed_id`),
  KEY `followed_id` (`followed_id`),
  CONSTRAINT `follows_ibfk_1` FOREIGN KEY (`follower_id`) REFERENCES `users` (`id`) ON DELETE CASCADE,
  CONSTRAINT `follows_ibfk_2` FOREIGN KEY (`followed_id`) REFERENCES `users` (`id`) ON DELETE CASCADE
) ENGINE=InnoDB DEFAULT CHARSET=utf8;

--
-- Dumping data for table `follows`
--

LOCK TABLES `follows` WRITE;
/*!40000 ALTER TABLE `follows` DISABLE KEYS */;
/*!40000 ALTER TABLE `follows` ENABLE KEYS */;
UNLOCK TABLES;

--
-- Table structure for table `likes`
--

DROP TABLE IF EXISTS `likes`;
CREATE TABLE `likes` (
  `like_id` int(11) NOT NULL auto_increment,
  `user_id` int(11) NOT NULL,
  `book_id` int(11) NOT NULL,
  `timestamp` timestamp NOT NULL default CURRENT_TIMESTAMP,
  PRIMARY KEY  (`like_id`),
  KEY `user_id` (`user_id`),
  KEY `book_id` (`book_id`),
  CONSTRAINT `likes_ibfk_1` FOREIGN KEY (`user_id`) REFERENCES `users` (`id`),
  CONSTRAINT `likes_ibfk_2` FOREIGN KEY (`book_id`) REFERENCES `books` (`book_id`)
) ENGINE=InnoDB DEFAULT CHARSET=utf8;

--
-- Dumping data for table `likes`
--

LOCK TABLES `likes` WRITE;
/*!40000 ALTER TABLE `likes` DISABLE KEYS */;
/*!40000 ALTER TABLE `likes` ENABLE KEYS */;
UNLOCK TABLES;

--
-- Table structure for table `messages`
--

DROP TABLE IF EXISTS `messages`;
CREATE TABLE `messages` (
  `id` int(11) NOT NULL auto_increment,
  `user_id` int(11) NOT NULL,
  `message` text NOT NULL,
  `timestamp` timestamp NOT NULL default CURRENT_TIMESTAMP,
  PRIMARY KEY  (`id`),
  KEY `user_id` (`user_id`),
  CONSTRAINT `messages_ibfk_1` FOREIGN KEY (`user_id`) REFERENCES `users` (`id`)
) ENGINE=InnoDB DEFAULT CHARSET=utf8;

--
-- Dumping data for table `messages`
--

LOCK TABLES `messages` WRITE;
/*!40000 ALTER TABLE `messages` DISABLE KEYS */;
/*!40000 ALTER TABLE `messages` ENABLE KEYS */;
UNLOCK TABLES;

--
-- Table structure for table `notifications`
--

DROP TABLE IF EXISTS `notifications`;
CREATE TABLE `notifications` (
  `id` int(11) NOT NULL auto_increment,
  `user_id` int(11) default NULL,
  `message_id` int(11) default NULL,
  `is_read` tinyint(1) default '0',
  `timestamp` timestamp NOT NULL default CURRENT_TIMESTAMP,
  PRIMARY KEY  (`id`),
  KEY `user_id` (`user_id`),
  KEY `message_id` (`message_id`),
  CONSTRAINT `notifications_ibfk_1` FOREIGN KEY (`user_id`) REFERENCES `users` (`id`),
  CONSTRAINT `notifications_ibfk_2` FOREIGN KEY (`message_id`) REFERENCES `messages` (`id`)
) ENGINE=InnoDB DEFAULT CHARSET=utf8;

--
-- Dumping data for table `notifications`
--

LOCK TABLES `notifications` WRITE;
/*!40000 ALTER TABLE `notifications` DISABLE KEYS */;
/*!40000 ALTER TABLE `notifications` ENABLE KEYS */;
UNLOCK TABLES;

--
-- Table structure for table `quizzes`
--

DROP TABLE IF EXISTS `quizzes`;
CREATE TABLE `quizzes` (
  `question` text NOT NULL,
  `answer` text NOT NULL,
  `points` int(11) NOT NULL
) ENGINE=InnoDB DEFAULT CHARSET=utf8;

--
-- Dumping data for table `quizzes`
--

LOCK TABLES `quizzes` WRITE;
/*!40000 ALTER TABLE `quizzes` DISABLE KEYS */;
/*!40000 ALTER TABLE `quizzes` ENABLE KEYS */;
UNLOCK TABLES;

--
-- Table structure for table `shopping_cart`
--

DROP TABLE IF EXISTS `shopping_cart`;
CREATE TABLE `shopping_cart` (
  `cart_id` int(11) NOT NULL auto_increment,
  `user_id` int(11) NOT NULL,
  `book_id` int(11) NOT NULL,
  `quantity` int(11) NOT NULL,
  `added_at` timestamp NOT NULL default CURRENT_TIMESTAMP,
  PRIMARY KEY  (`cart_id`),
  KEY `user_id` (`user_id`),
  KEY `book_id` (`book_id`),
  CONSTRAINT `shopping_cart_ibfk_1` FOREIGN KEY (`user_id`) REFERENCES `users` (`id`),
  CONSTRAINT `shopping_cart_ibfk_2` FOREIGN KEY (`book_id`) REFERENCES `books` (`book_id`) ON DELETE CASCADE
) ENGINE=InnoDB DEFAULT CHARSET=utf8;

--
-- Dumping data for table `shopping_cart`
--

LOCK TABLES `shopping_cart` WRITE;
/*!40000 ALTER TABLE `shopping_cart` DISABLE KEYS */;
/*!40000 ALTER TABLE `shopping_cart` ENABLE KEYS */;
UNLOCK TABLES;

--
-- Table structure for table `transactions`
--

DROP TABLE IF EXISTS `transactions`;
CREATE TABLE `transactions` (
  `transaction_id` int(11) NOT NULL auto_increment,
  `book_id` int(11) NOT NULL,
  `buyer_id` int(11) default NULL,
  `seller_id` int(11) default NULL,
  `transaction_date` timestamp NOT NULL default CURRENT_TIMESTAMP,
  PRIMARY KEY  (`transaction_id`),
  KEY `book_id` (`book_id`),
  KEY `buyer_id` (`buyer_id`),
  KEY `seller_id` (`seller_id`),
  CONSTRAINT `transactions_ibfk_1` FOREIGN KEY (`book_id`) REFERENCES `books` (`book_id`) ON DELETE CASCADE,
  CONSTRAINT `transactions_ibfk_2` FOREIGN KEY (`buyer_id`) REFERENCES `users` (`id`),
  CONSTRAINT `transactions_ibfk_3` FOREIGN KEY (`seller_id`) REFERENCES `users` (`id`)
) ENGINE=InnoDB DEFAULT CHARSET=utf8;

--
-- Dumping data for table `transactions`
--

LOCK TABLES `transactions` WRITE;
/*!40000 ALTER TABLE `transactions` DISABLE KEYS */;
/*!40000 ALTER TABLE `transactions` ENABLE KEYS */;
UNLOCK TABLES;

--
-- Table structure for table `user_profiles`
--

DROP TABLE IF EXISTS `user_profiles`;
CREATE TABLE `user_profiles` (
  `user_id` int(11) NOT NULL,
  `first_name` varchar(255) default NULL,
  `last_name` varchar(255) default NULL,
  `birthday` date default NULL,
  `gender` varchar(50) default NULL,
  `address` varchar(255) default NULL,
  `phone` varchar(50) default NULL,
  `bio` text,
  `profile_image` varchar(255) default 'default-profile.jpg',
  PRIMARY KEY  (`user_id`),
  CONSTRAINT `user_profiles_ibfk_1` FOREIGN KEY (`user_id`) REFERENCES `users` (`id`)
) ENGINE=InnoDB DEFAULT CHARSET=utf8;

--
-- Dumping data for table `user_profiles`
--

LOCK TABLES `user_profiles` WRITE;
/*!40000 ALTER TABLE `user_profiles` DISABLE KEYS */;
INSERT INTO `user_profiles` VALUES (0,NULL,NULL,NULL,NULL,NULL,NULL,NULL,'default-profile.jpg');
/*!40000 ALTER TABLE `user_profiles` ENABLE KEYS */;
UNLOCK TABLES;

--
-- Table structure for table `user_quiz_scores`
--

DROP TABLE IF EXISTS `user_quiz_scores`;
CREATE TABLE `user_quiz_scores` (
  `user_id` int(11) NOT NULL,
  `score` int(11) NOT NULL,
  `timestamp` timestamp NOT NULL default CURRENT_TIMESTAMP,
  PRIMARY KEY  (`user_id`)
) ENGINE=InnoDB DEFAULT CHARSET=utf8;

--
-- Dumping data for table `user_quiz_scores`
--

LOCK TABLES `user_quiz_scores` WRITE;
/*!40000 ALTER TABLE `user_quiz_scores` DISABLE KEYS */;
/*!40000 ALTER TABLE `user_quiz_scores` ENABLE KEYS */;
UNLOCK TABLES;

--
-- Table structure for table `user_security_questions`
--

DROP TABLE IF EXISTS `user_security_questions`;
CREATE TABLE `user_security_questions` (
  `user_id` int(11) default NULL,
  `question1` varchar(255) NOT NULL,
  `answer1` varchar(255) NOT NULL,
  `question2` varchar(255) NOT NULL,
  `answer2` varchar(255) NOT NULL,
  KEY `user_id` (`user_id`),
  CONSTRAINT `user_security_questions_ibfk_1` FOREIGN KEY (`user_id`) REFERENCES `users` (`id`)
) ENGINE=InnoDB DEFAULT CHARSET=utf8;

--
-- Dumping data for table `user_security_questions`
--

LOCK TABLES `user_security_questions` WRITE;
/*!40000 ALTER TABLE `user_security_questions` DISABLE KEYS */;
INSERT INTO `user_security_questions` VALUES (NULL,'','','',''),(2,'小学校のrのあだ名','11','高校のrのあだ名','11'),(3,'小学校のrのあだ名','22','高校のrのあだ名','22'),(4,'小学校のrのあだ名','翔平','高校のrのあだ名','翔平'),(5,'小学校のrのあだ名','shohei','高校のrのあだ名','shohei'),(6,'小学校ののあだ名','33','高校ののあだ名','33');
/*!40000 ALTER TABLE `user_security_questions` ENABLE KEYS */;
UNLOCK TABLES;

--
-- Table structure for table `users`
--

DROP TABLE IF EXISTS `users`;
CREATE TABLE `users` (
  `id` int(11) NOT NULL auto_increment,
  `username` varchar(255) NOT NULL,
  `email` varchar(255) NOT NULL,
  `password` varchar(255) NOT NULL,
  `birthday` date default NULL,
  `gender` varchar(50) default NULL,
  `phone` varchar(50) default NULL,
  `bio` text,
  `profile_image` varchar(255) default 'default-profile.jpg',
  `points` int(11) default '0',
  `currency` int(11) default '0',
  PRIMARY KEY  (`id`)
) ENGINE=InnoDB AUTO_INCREMENT=7 DEFAULT CHARSET=utf8;

--
-- Dumping data for table `users`
--

LOCK TABLES `users` WRITE;
/*!40000 ALTER TABLE `users` DISABLE KEYS */;
INSERT INTO `users` VALUES (1,'','','',NULL,NULL,NULL,NULL,'default-profile.jpg',0,0),(2,'11','11@gmail.com','11',NULL,NULL,NULL,NULL,'default-profile.jpg',0,11500),(3,'22','22@gmail.com','22',NULL,NULL,NULL,'None','user_3_133571682160460525.jpg',0,0),(4,'翔平','ping@gmail.com','xiangping',NULL,NULL,NULL,NULL,'default-profile.jpg',0,0),(5,'shohei','shohei@gmail.com','shohei',NULL,NULL,NULL,'None','default-profile.jpg',0,0),(6,'33','33@gmail.com','33',NULL,NULL,NULL,NULL,'default-profile.jpg',0,0);
/*!40000 ALTER TABLE `users` ENABLE KEYS */;
UNLOCK TABLES;
/*!40103 SET TIME_ZONE=@OLD_TIME_ZONE */;

/*!40101 SET SQL_MODE=@OLD_SQL_MODE */;
/*!40014 SET FOREIGN_KEY_CHECKS=@OLD_FOREIGN_KEY_CHECKS */;
/*!40014 SET UNIQUE_CHECKS=@OLD_UNIQUE_CHECKS */;
/*!40101 SET CHARACTER_SET_CLIENT=@OLD_CHARACTER_SET_CLIENT */;
/*!40101 SET CHARACTER_SET_RESULTS=@OLD_CHARACTER_SET_RESULTS */;
/*!40101 SET COLLATION_CONNECTION=@OLD_COLLATION_CONNECTION */;
/*!40111 SET SQL_NOTES=@OLD_SQL_NOTES */;

-- Dump completed on 2025-02-19  9:27:03
